threshold_label,phase,muscle,n,mean,sd,median
20%,CoolDown,MTL,60,11.9864,10.8424,19.1953
20%,CoolDown,MTR,60,11.6196,10.8504,19.3233
20%,CoolDown,SCML,45,21.1177,1.7745,20.7309
20%,CoolDown,SCMR,43,21.0762,1.2412,21.2428
20%,CoolDown,STL,52,20.7949,1.4262,20.7309
20%,CoolDown,STR,48,20.8909,1.5676,20.7309
20%,CoolDown,UTL,60,11.5982,10.8572,19.1953
20%,CoolDown,UTR,59,12.901,10.6584,19.7072
20%,SecondThreshold,MTL,46,0.0,0.0,0.0
20%,SecondThreshold,MTR,50,1.0069,2.0611,0.0
20%,SecondThreshold,SCML,51,5.8937,9.7844,0.0
20%,SecondThreshold,SCMR,52,5.0804,9.2279,0.0
20%,SecondThreshold,STL,52,10.4798,12.6308,5.504
20%,SecondThreshold,STR,59,15.6293,20.0092,5.632
20%,SecondThreshold,UTL,52,1.5821,2.9353,0.0
20%,SecondThreshold,UTR,52,2.5758,4.7516,0.0
20%,VO2max,MTL,54,0.0,0.0,0.0
20%,VO2max,MTR,51,0.0,0.0,0.0
20%,VO2max,SCML,48,0.8427,2.0391,0.0
20%,VO2max,SCMR,48,0.592,1.5003,0.0
20%,VO2max,STL,52,6.3557,11.2903,0.0
20%,VO2max,STR,50,3.9117,6.0532,0.0
20%,VO2max,UTL,52,0.0,0.0,0.0
20%,VO2max,UTR,52,0.0,0.0,0.0
20%,WanT,MTL,59,7.2964,6.5642,10.2375
20%,WanT,MTR,59,7.0361,6.5193,9.9816
20%,WanT,SCML,46,12.5354,2.143,11.9011
20%,WanT,SCMR,48,12.5463,2.0755,12.9248
20%,WanT,STL,50,12.6535,2.0864,12.9248
20%,WanT,STR,49,12.6558,2.1861,12.285
20%,WanT,UTL,59,7.2877,6.8384,10.2375
20%,WanT,UTR,58,7.912,6.5831,10.7494
20%,Warmup,MTL,60,11.466,10.1851,19.0673
20%,Warmup,MTR,60,11.0992,10.2721,18.0436
20%,Warmup,SCML,48,20.7043,1.5176,20.475
20%,Warmup,SCMR,48,20.5976,1.2594,20.7309
20%,Warmup,STL,50,20.5057,1.347,20.347
20%,Warmup,STR,48,20.2937,1.1934,20.2191
20%,Warmup,UTL,60,11.112,10.2747,18.2995
20%,Warmup,UTR,60,12.5793,10.6465,19.3233
30%,CoolDown,MTL,60,6.8463,9.8829,0.0
30%,CoolDown,MTR,60,7.7762,10.548,0.0
30%,CoolDown,SCML,57,15.5852,10.4658,20.2191
30%,CoolDown,SCMR,60,16.4525,11.0569,20.347
30%,CoolDown,STL,43,20.7131,1.5032,20.475
30%,CoolDown,STR,43,20.356,2.3453,20.475
30%,CoolDown,UTL,60,8.6933,10.591,0.0
30%,CoolDown,UTR,59,9.6909,10.8911,0.0
30%,SecondThreshold,MTL,51,0.0,0.0,0.0
30%,SecondThreshold,MTR,54,0.0,0.0,0.0
30%,SecondThreshold,SCML,47,0.7666,1.8569,0.0
30%,SecondThreshold,SCMR,48,0.6553,1.5371,0.0
30%,SecondThreshold,STL,49,1.3301,2.0438,0.0
30%,SecondThreshold,STR,52,1.4503,2.5619,0.0
30%,SecondThreshold,UTL,48,0.0,0.0,0.0
30%,SecondThreshold,UTR,49,0.0,0.0,0.0
30%,VO2max,MTL,58,0.0,0.0,0.0
30%,VO2max,MTR,56,0.0,0.0,0.0
30%,VO2max,SCML,47,0.0,0.0,0.0
30%,VO2max,SCMR,45,0.0,0.0,0.0
30%,VO2max,STL,49,0.6478,1.6616,0.0
30%,VO2max,STR,46,0.0,0.0,0.0
30%,VO2max,UTL,58,0.0,0.0,0.0
30%,VO2max,UTR,56,0.0,0.0,0.0
30%,WanT,MTL,59,4.2815,6.1597,0.0
30%,WanT,MTR,59,4.6633,6.2836,0.0
30%,WanT,SCML,59,9.6649,7.0482,11.2612
30%,WanT,SCMR,59,9.8167,6.3299,11.5172
30%,WanT,STL,45,12.9789,2.6461,13.0528
30%,WanT,STR,44,12.506,2.3383,12.157
30%,WanT,UTL,59,5.5569,6.7083,0.0
30%,WanT,UTR,58,5.9836,6.7275,0.0
30%,Warmup,MTL,60,6.7951,9.7207,0.0
30%,Warmup,MTR,60,7.4478,9.9507,0.0
30%,Warmup,SCML,60,14.6482,9.457,19.9631
30%,Warmup,SCMR,60,14.8444,9.196,19.5792
30%,Warmup,STL,45,20.3783,2.1978,20.475
30%,Warmup,STR,44,20.3703,1.3205,20.2191
30%,Warmup,UTL,60,8.4587,10.1751,0.0
30%,Warmup,UTR,60,9.5593,10.9721,0.0
50%,CoolDown,MTL,59,0.0,0.0,0.0
50%,CoolDown,MTR,56,0.0,0.0,0.0
50%,CoolDown,SCML,60,10.4764,10.6735,7.4222
50%,CoolDown,SCMR,60,8.3862,10.4915,0.0
50%,CoolDown,STL,48,0.0,0.0,0.0
50%,CoolDown,STR,59,6.277,10.109,0.0
50%,CoolDown,UTL,52,0.0,0.0,0.0
50%,CoolDown,UTR,51,0.0,0.0,0.0
50%,SecondThreshold,MTL,59,0.0,0.0,0.0
50%,SecondThreshold,MTR,59,0.0,0.0,0.0
50%,SecondThreshold,SCML,55,0.0,0.0,0.0
50%,SecondThreshold,SCMR,53,0.0,0.0,0.0
50%,SecondThreshold,STL,59,0.0,0.0,0.0
50%,SecondThreshold,STR,56,0.0,0.0,0.0
50%,SecondThreshold,UTL,58,0.0,0.0,0.0
50%,SecondThreshold,UTR,59,0.0,0.0,0.0
50%,VO2max,MTL,58,0.0,0.0,0.0
50%,VO2max,MTR,58,0.0,0.0,0.0
50%,VO2max,SCML,56,0.0,0.0,0.0
50%,VO2max,SCMR,54,0.0,0.0,0.0
50%,VO2max,STL,54,0.0,0.0,0.0
50%,VO2max,STR,57,0.0,0.0,0.0
50%,VO2max,UTL,58,0.0,0.0,0.0
50%,VO2max,UTR,58,0.0,0.0,0.0
50%,WanT,MTL,58,0.0,0.0,0.0
50%,WanT,MTR,55,0.0,0.0,0.0
50%,WanT,SCML,59,6.6717,7.3269,0.0
50%,WanT,SCMR,59,4.9929,6.2095,0.0
50%,WanT,STL,47,0.0,0.0,0.0
50%,WanT,STR,58,3.7199,5.9872,0.0
50%,WanT,UTL,51,0.0,0.0,0.0
50%,WanT,UTR,50,0.0,0.0,0.0
50%,Warmup,MTL,59,0.0,0.0,0.0
50%,Warmup,MTR,56,0.0,0.0,0.0
50%,Warmup,SCML,60,10.0072,10.2187,6.3984
50%,Warmup,SCMR,60,7.998,9.9507,0.0
50%,Warmup,STL,48,0.0,0.0,0.0
50%,Warmup,STR,59,5.8041,9.2296,0.0
50%,Warmup,UTL,52,0.0,0.0,0.0
50%,Warmup,UTR,52,0.0,0.0,0.0
