subject,angle_plane,angle_name,power_source,slope_per_watt,slope_per_100w,slope_per_pct_wmax,slope_per_10pct_wmax,intercept,r_squared,p_value,n_minutes
subject_541,angle_sagittal,Sagittal (Flexion/Extension),file,-0.004099923722349352,-0.40999237223493523,-0.008199847444698705,-0.08199847444698705,7.282418001525553,0.006006361480700321,0.8688254628769067,7
subject_560,angle_sagittal,Sagittal (Flexion/Extension),file,0.03827919947506561,3.8279199475065613,0.06124671916010497,0.6124671916010497,6.378116797900264,0.05833024840151647,0.531279184435781,9
subject_570,angle_sagittal,Sagittal (Flexion/Extension),file,0.0021402518353312912,0.21402518353312913,0.005564654771861343,0.05564654771861342,12.012826990985968,0.00522594898720871,0.8917528056351106,6
subject_571,angle_sagittal,Sagittal (Flexion/Extension),file,0.014495192307692313,1.4495192307692313,0.04348557692307694,0.4348557692307694,-9.399358974358977,0.7160758596242468,0.03365724323164255,6
subject_572,angle_sagittal,Sagittal (Flexion/Extension),file,0.05877161383285301,5.877161383285301,0.15868335734870323,1.5868335734870322,-9.916818906957593,0.5192674534148216,0.0036441393455100514,14
subject_573,angle_sagittal,Sagittal (Flexion/Extension),file,-0.05811694131807065,-5.811694131807065,-0.19759760048144023,-1.9759760048144024,19.822873975535977,0.30447334433684026,0.05057905053467814,13
subject_574,angle_sagittal,Sagittal (Flexion/Extension),file,0.064515917897162,6.4515917897162005,0.18709616190176978,1.8709616190176979,-16.810773161238526,0.5173903751242808,0.04430628755679112,8
subject_575,angle_sagittal,Sagittal (Flexion/Extension),file,0.0013333333333333255,0.13333333333333255,0.003999999999999976,0.03999999999999976,29.68777777777778,0.4266666666666664,0.05643710222096146,9
subject_577,angle_sagittal,Sagittal (Flexion/Extension),file,-0.031030927835051538,-3.103092783505154,-0.08998969072164945,-0.8998969072164944,3.655670103092782,0.08492476991984096,0.5752465050662571,6
subject_578,angle_sagittal,Sagittal (Flexion/Extension),file,-0.00982612018725518,-0.9826120187255181,-0.029478360561765542,-0.29478360561765543,10.109080920989776,0.02135067610624873,0.6871027688019236,10
subject_579,angle_sagittal,Sagittal (Flexion/Extension),file,0.07161551577152601,7.1615515771526015,0.2578158567774937,2.578158567774937,8.72274083546461,0.7022585118855547,9.588076933117789e-05,15
subject_580,angle_sagittal,Sagittal (Flexion/Extension),file,0.00813489284213475,0.813489284213475,0.037420507073819845,0.3742050707381984,-12.777933417378717,0.10094292137429255,0.3142463641941081,12
subject_581,angle_sagittal,Sagittal (Flexion/Extension),file,-0.033557692307692316,-3.3557692307692317,-0.1006730769230769,-1.006730769230769,9.491025641025644,0.31519958594811415,0.24634110433821635,6
subject_582,angle_sagittal,Sagittal (Flexion/Extension),file,-0.027810228452751825,-2.7810228452751824,-0.08899273104880583,-0.8899273104880583,4.002812391831085,0.45125596419635877,0.033391088229717994,10
subject_583,angle_sagittal,Sagittal (Flexion/Extension),file,0.05217744029075804,5.217744029075804,0.187838785046729,1.87838785046729,0.430209415022496,0.5843975079653791,0.010020953147021281,10
subject_584,angle_sagittal,Sagittal (Flexion/Extension),file,0.09738340563991323,9.738340563991322,0.301888557483731,3.0188855748373102,-43.26113973246565,0.19412280813066624,0.13184562684130952,13
subject_585,angle_sagittal,Sagittal (Flexion/Extension),file,0.04117666147455867,4.117666147455868,0.1400006490134995,1.4000064901349951,-22.366714260989962,0.22413910061802367,0.1669398010928677,10
subject_586,angle_sagittal,Sagittal (Flexion/Extension),file,0.12404875825928456,12.404875825928457,0.47138528138528124,4.713852813852812,-39.02922077922077,0.7806171630671525,0.0036132849480159154,8
subject_587,angle_sagittal,Sagittal (Flexion/Extension),file,0.1823075803870217,18.23075803870217,0.41019205587079877,4.101920558707988,-21.785719482031134,0.526197546267306,0.06503591775396933,7
subject_588,angle_sagittal,Sagittal (Flexion/Extension),file,0.030813781325106218,3.081378132510622,0.10476685650536116,1.0476685650536117,7.1285164347053644,0.8081370642939324,6.983135962052695e-05,12
subject_590,angle_sagittal,Sagittal (Flexion/Extension),file,-0.039663050624589094,-3.9663050624589093,-0.18245003287310974,-1.8245003287310975,26.515368178829718,0.8661881878385103,3.215627981436306e-05,11
subject_591,angle_sagittal,Sagittal (Flexion/Extension),file,-0.02829232171337436,-2.829232171337436,-0.10751082251082258,-1.0751082251082258,-26.254329004329,0.3731573860733258,0.1076647186791513,8
subject_594,angle_sagittal,Sagittal (Flexion/Extension),file,0.15297488798582892,15.297488798582892,0.3747884755652808,3.747884755652808,-29.164556632280924,0.8243069666067002,0.0018198684396567686,8
subject_595,angle_sagittal,Sagittal (Flexion/Extension),file,-0.023651960784313728,-2.365196078431373,-0.07332107843137255,-0.7332107843137254,0.5710784313725501,0.41663683951501074,0.06043965352381217,9
subject_596,angle_sagittal,Sagittal (Flexion/Extension),file,0.10475781026081972,10.475781026081972,0.3483197191172256,3.483197191172256,-11.140584694754946,0.7509369987473996,0.0011769296892425469,10
subject_597,angle_sagittal,Sagittal (Flexion/Extension),file,0.1932212547275309,19.32212547275309,0.5216973877643335,5.216973877643335,-57.403718572128625,0.531136854214232,0.016803137759295688,10
subject_598,angle_sagittal,Sagittal (Flexion/Extension),file,-0.016724646847986507,-1.6724646847986506,-0.04432031414716424,-0.4432031414716424,-2.0638967952772505,0.5687136699666001,0.011737093035782088,10
subject_600,angle_sagittal,Sagittal (Flexion/Extension),file,0.03175178687459389,3.175178687459389,0.08017326185834957,0.8017326185834956,-22.97621182586095,0.14259124041911875,0.4036545468267806,7
subject_601,angle_sagittal,Sagittal (Flexion/Extension),file,0.014172693403462631,1.417269340346263,0.04925010957703266,0.4925010957703266,2.5566951566951577,0.12847604182813685,0.2790643732296851,11
subject_602,angle_sagittal,Sagittal (Flexion/Extension),file,-0.007242406766628216,-0.7242406766628215,-0.01991661860822757,-0.1991661860822757,-24.652621587850827,0.050014645099683494,0.562969125566206,9
subject_603,angle_sagittal,Sagittal (Flexion/Extension),file,0.043308270676691726,4.330827067669173,0.1504962406015038,1.504962406015038,-14.196992481203006,0.53644949734289,0.01036766676182704,11
subject_604,angle_sagittal,Sagittal (Flexion/Extension),file,0.0017282062898780523,0.17282062898780523,0.005443849813115863,0.05443849813115863,4.54039481632499,0.15262117604984152,0.2348548562486208,11
subject_605,angle_sagittal,Sagittal (Flexion/Extension),file,0.050904700115340255,5.090470011534025,0.1883473904267589,1.8834739042675892,-40.187283737024224,0.15341638522208165,0.2971689525017767,9
subject_606,angle_sagittal,Sagittal (Flexion/Extension),file,0.0793470790378007,7.934707903780069,0.2221718213058419,2.221718213058419,-21.978694158075605,0.5624613349312785,0.08595441700577856,6
subject_607,angle_sagittal,Sagittal (Flexion/Extension),file,0.0840387248813732,8.40387248813732,0.24791423840005097,2.4791423840005096,-13.647447533518042,0.789500421189555,0.0005890809372466291,10
subject_608,angle_sagittal,Sagittal (Flexion/Extension),manual,0.07572278911564626,7.572278911564625,0.24231292517006806,2.4231292517006806,-43.01785714285714,0.35166847233426024,0.16050687716168727,7
subject_609,angle_sagittal,Sagittal (Flexion/Extension),manual,-0.007651515151515147,-0.7651515151515147,-0.022954545454545425,-0.22954545454545425,-25.340909090909093,0.01028611762333307,0.7666837042871407,11
subject_610,angle_sagittal,Sagittal (Flexion/Extension),manual,0.17160409035409036,17.160409035409035,0.5491330891330891,5.491330891330891,-68.95230463980464,0.3182410965068098,0.1452449262991318,8
subject_611,angle_sagittal,Sagittal (Flexion/Extension),manual,-0.013738344988344987,-1.3738344988344986,-0.05495337995337994,-0.5495337995337994,11.296620046620045,0.08245520871321418,0.3654890433023058,12
subject_612,angle_sagittal,Sagittal (Flexion/Extension),manual,0.20612794612794613,20.612794612794612,0.5462390572390573,5.462390572390573,-32.79360269360269,0.6996560979607441,0.002556535570387341,10
subject_613,angle_sagittal,Sagittal (Flexion/Extension),manual,0.0367948717948718,3.67948717948718,0.14717948717948734,1.4717948717948734,-6.766025641025643,0.4066876917095089,0.36227929960717997,4
subject_614,angle_sagittal,Sagittal (Flexion/Extension),manual,0.1366371027346637,13.66371027346637,0.519220990391722,5.19220990391722,-29.88532889874353,0.6231574977118394,0.0038599925832781892,11
subject_615,angle_sagittal,Sagittal (Flexion/Extension),manual,0.4865345765345766,48.65345765345766,0.9973958818958819,9.973958818958819,-83.45858585858588,0.601171629342664,0.008410899304844609,10
subject_616,angle_sagittal,Sagittal (Flexion/Extension),manual,0.30482323232323233,30.482323232323232,1.03639898989899,10.3639898989899,-83.74747474747475,0.7418557855140342,0.001364519095488702,10
subject_617,angle_sagittal,Sagittal (Flexion/Extension),manual,0.001986531986531987,0.1986531986531987,0.0056616161616161766,0.056616161616161766,-6.245959595959596,0.00403914056000288,0.861535296309677,10
subject_618,angle_sagittal,Sagittal (Flexion/Extension),manual,0.06260198135198135,6.260198135198134,0.2691885198135199,2.691885198135199,-35.12291181041181,0.325315819020904,0.05281082350698498,12
subject_619,angle_sagittal,Sagittal (Flexion/Extension),manual,0.040476190476190485,4.047619047619048,0.15380952380952392,1.5380952380952393,-25.80952380952381,0.45748206777145684,0.0952346690981361,7
subject_620,angle_sagittal,Sagittal (Flexion/Extension),manual,0.01924963924963925,1.924963924963925,0.06159884559884559,0.6159884559884559,-5.296248196248197,0.2826428298017989,0.09234877490982885,11
subject_621,angle_sagittal,Sagittal (Flexion/Extension),manual,0.11515151515151516,11.515151515151516,0.32818181818181824,3.281818181818182,-23.748737373737377,0.4464031358242867,0.017558538091603522,12
subject_623,angle_sagittal,Sagittal (Flexion/Extension),manual,0.017980668756530833,1.7980668756530833,0.06832654127481717,0.6832654127481718,-27.980512016718915,0.11656380127444035,0.30415166663790133,11
subject_624,angle_sagittal,Sagittal (Flexion/Extension),manual,-0.029998726945783805,-2.9998726945783805,-0.09599592622650818,-0.9599592622650819,-5.945795738451012,0.29648270853596104,0.03584602779329417,15
subject_625,angle_sagittal,Sagittal (Flexion/Extension),manual,-0.03880952380952382,-3.8809523809523823,-0.12807142857142864,-1.2807142857142864,-33.378968253968246,0.4375391878209743,0.007240395934056052,15
subject_626,angle_sagittal,Sagittal (Flexion/Extension),file,-0.0010367379555443392,-0.10367379555443393,-0.003265724559964638,-0.032657245599646376,-17.356612621706304,0.00016560307548790673,0.9683379600276596,12
subject_627,angle_sagittal,Sagittal (Flexion/Extension),file,0.0017554240631163741,0.17554240631163742,0.004827416173570031,0.04827416173570031,4.634960552268242,0.021803673451078504,0.6648182086003,11
subject_628,angle_sagittal,Sagittal (Flexion/Extension),file,0.014209738543358493,1.4209738543358492,0.035524346358396235,0.35524346358396236,2.0173800197445937,0.08847597997150063,0.4039070201143015,10
subject_629,angle_sagittal,Sagittal (Flexion/Extension),file,0.030386030010090156,3.0386030010090157,0.0759650750252254,0.759650750252254,-3.279717150017901,0.3070202301651764,0.15413510568309116,8
subject_630,angle_sagittal,Sagittal (Flexion/Extension),file,-0.08287557670126874,-8.287557670126874,-0.23205161476355243,-2.3205161476355243,26.91821655132641,0.7246937788749074,0.003599263977205171,9
subject_631,angle_sagittal,Sagittal (Flexion/Extension),file,0.10290164452877926,10.290164452877926,0.30870493358633777,3.0870493358633775,-19.946315623023406,0.7248836907497166,0.003590235550680324,9
subject_632,angle_sagittal,Sagittal (Flexion/Extension),file,-0.003427768166089965,-0.3427768166089965,-0.011654411764705878,-0.11654411764705878,3.6651888696655126,0.010534197854101004,0.7927379638380007,9
subject_541,angle_frontal,Frontal (Lateral Bending),file,-0.002936689549961861,-0.2936689549961861,-0.005873379099923722,-0.058733790999237215,0.2402745995423341,0.04123861921223039,0.6623169307506533,7
subject_560,angle_frontal,Frontal (Lateral Bending),file,0.04611220472440945,4.611220472440945,0.07377952755905509,0.7377952755905509,-3.1322178477690295,0.46112204724409456,0.044273272010635356,9
subject_570,angle_frontal,Frontal (Lateral Bending),file,0.03510942291608587,3.5109422916085866,0.09128449958182325,0.9128449958182325,1.3362663785893494,0.5693801784781736,0.08296014302666421,6
subject_571,angle_frontal,Frontal (Lateral Bending),file,-0.0012019230769230727,-0.12019230769230727,-0.0036057692307692175,-0.03605769230769217,-9.673076923076925,0.48076923076923056,0.12661387373191096,6
subject_572,angle_frontal,Frontal (Lateral Bending),file,-0.02435518731988472,-2.435518731988472,-0.06575900576368876,-0.6575900576368876,-0.27921941471113154,0.38768261478816896,0.017395162030915016,14
subject_573,angle_frontal,Frontal (Lateral Bending),file,0.0388289222653299,3.8828922265329897,0.13201833570212168,1.3201833570212167,-4.610874068120639,0.25721474714163645,0.07689484487771027,13
subject_574,angle_frontal,Frontal (Lateral Bending),file,0.05666823751178132,5.666823751178132,0.16433788878416586,1.6433788878416586,-20.125903235940935,0.6190960257123059,0.0205111543030364,8
subject_575,angle_frontal,Frontal (Lateral Bending),file,-0.013555555555555559,-1.3555555555555558,-0.04066666666666668,-0.4066666666666668,-28.274814814814814,0.2771694599627559,0.14536123602178805,9
subject_577,angle_frontal,Frontal (Lateral Bending),file,-0.004810996563573883,-0.48109965635738833,-0.013951890034364253,-0.13951890034364253,1.3264604810996565,0.5051546391752578,0.11340391559981915,6
subject_579,angle_frontal,Frontal (Lateral Bending),file,-0.060393786077632905,-6.0393786077632905,-0.21741762987947827,-2.174176298794783,26.890933784215797,0.10401476767663488,0.26075389436697627,14
subject_580,angle_frontal,Frontal (Lateral Bending),file,-0.003492552645095015,-0.3492552645095015,-0.01606574216743707,-0.1606574216743707,20.941705187467896,0.2647732478240948,0.08695231840785878,12
subject_581,angle_frontal,Frontal (Lateral Bending),file,-0.018846153846153846,-1.8846153846153846,-0.05653846153846154,-0.5653846153846154,15.662820512820513,0.4954026694177572,0.1185714998322645,6
subject_582,angle_frontal,Frontal (Lateral Bending),file,0.033320353063343716,3.3320353063343715,0.10662512980269988,1.0662512980269987,-26.008134302526827,0.40686572155358924,0.04722526359957618,10
subject_583,angle_frontal,Frontal (Lateral Bending),file,-0.05892393561786084,-5.8923935617860845,-0.2121261682242991,-2.121261682242991,16.403513326410522,0.7793290282971207,0.0007150198694470914,10
subject_584,angle_frontal,Frontal (Lateral Bending),file,-0.09298023620149433,-9.298023620149433,-0.2882387322246324,-2.8823873222463243,14.73291757049891,0.1445358045719929,0.20004778723954975,13
subject_585,angle_frontal,Frontal (Lateral Bending),file,0.01448598130841122,1.448598130841122,0.04925233644859815,0.49252336448598155,6.538161993769467,0.2664143395231134,0.1266858296983838,10
subject_586,angle_frontal,Frontal (Lateral Bending),file,0.05312143996354522,5.312143996354522,0.20186147186147185,2.0186147186147183,-15.088744588744586,0.6544104827176557,0.015029389824734634,8
subject_587,angle_frontal,Frontal (Lateral Bending),file,0.056010233279984466,5.601023327998447,0.12602302487996508,1.2602302487996508,-40.820159804064204,0.4530426532229533,0.09748009699240337,7
subject_588,angle_frontal,Frontal (Lateral Bending),file,0.03755844942876228,3.7558449428762284,0.12769872805779178,1.2769872805779179,-3.2979962491363137,0.8339373339556514,3.3490465789254456e-05,12
subject_590,angle_frontal,Frontal (Lateral Bending),file,0.03432610124917817,3.432610124917817,0.15790006574621956,1.5790006574621955,-10.780736357659434,0.43464003546150176,0.027340228517627286,11
subject_591,angle_frontal,Frontal (Lateral Bending),file,-0.0074504442925495545,-0.7450444292549554,-0.02831168831168831,-0.2831168831168831,-17.15800865800866,0.4972031191150416,0.05075881168602486,8
subject_594,angle_frontal,Frontal (Lateral Bending),file,0.05168281754715016,5.168281754715016,0.12662290299051784,1.2662290299051784,-11.74997395019277,0.5847326072852757,0.02709903194706978,8
subject_595,angle_frontal,Frontal (Lateral Bending),file,0.030932814302191483,3.0932814302191485,0.09589172433679358,0.9589172433679358,-55.28388119953865,0.6189928781472266,0.011883045250838054,9
subject_596,angle_frontal,Frontal (Lateral Bending),file,0.022623483328556418,2.262348332855642,0.07522308206745007,0.7522308206745008,-5.278255469571033,0.8115209998286486,0.0003746351006227772,10
subject_597,angle_frontal,Frontal (Lateral Bending),file,0.21205473255682458,21.20547325568246,0.5725477779034265,5.725477779034264,-41.6848731576765,0.6635871833771577,0.004104867207143952,10
subject_598,angle_frontal,Frontal (Lateral Bending),file,0.05814885093822476,5.814885093822475,0.15409445498629554,1.5409445498629553,-48.902171621336706,0.5199087882676373,0.01861309223990833,10
subject_600,angle_frontal,Frontal (Lateral Bending),file,-0.09218713450292397,-9.218713450292396,-0.23277251461988305,-2.3277251461988304,25.3366081871345,0.6271646220815195,0.033785653144685436,7
subject_602,angle_frontal,Frontal (Lateral Bending),file,-0.06534025374855824,-6.534025374855824,-0.1796856978085352,-1.7968569780853518,32.104815455594,0.3637266991342115,0.08557004702539242,9
subject_603,angle_frontal,Frontal (Lateral Bending),file,0.03827067669172931,3.827067669172931,0.13299060150375938,1.3299060150375939,-18.467481203007516,0.3043714755639097,0.07849841875664613,11
subject_604,angle_frontal,Frontal (Lateral Bending),file,-0.0001396911692528411,-0.01396911692528411,-0.0004400271831464536,-0.004400271831464536,-0.10166308000151014,0.0004190735077585237,0.9523618561097233,11
subject_605,angle_frontal,Frontal (Lateral Bending),file,0.05415786952866889,5.415786952866889,0.20038411725607488,2.003841172560749,-32.81384278536938,0.2689449555665761,0.1525851077136195,9
subject_606,angle_frontal,Frontal (Lateral Bending),file,0.0463573883161512,4.63573883161512,0.12980068728522337,1.2980068728522336,-9.27938144329897,0.713204145658483,0.034384274058161565,6
subject_607,angle_frontal,Frontal (Lateral Bending),file,0.3006907701273882,30.06907701273882,0.8870377718757952,8.870377718757952,-64.54556294668761,0.7196766710511683,0.0019194588969510056,10
subject_608,angle_frontal,Frontal (Lateral Bending),manual,0.25315520945220193,25.315520945220193,0.8100966702470462,8.100966702470462,-39.055764411027575,0.6575892405375313,0.026890794901864776,7
subject_609,angle_frontal,Frontal (Lateral Bending),manual,0.060681818181818184,6.068181818181818,0.18204545454545454,1.8204545454545453,-9.454545454545455,0.5215759438103601,0.012075441889450419,11
subject_610,angle_frontal,Frontal (Lateral Bending),manual,-0.00708943833943834,-0.708943833943834,-0.022686202686202687,-0.2268620268620269,6.565628815628816,0.013850836339728795,0.7813612016608837,8
subject_611,angle_frontal,Frontal (Lateral Bending),manual,0.0044580419580419585,0.44580419580419584,0.017832167832167834,0.17832167832167833,15.2488344988345,0.0026327950962462122,0.8741696199646167,12
subject_612,angle_frontal,Frontal (Lateral Bending),manual,-0.12975468975468976,-12.975468975468976,-0.3438499278499278,-3.438499278499278,35.56940836940837,0.6968929003721352,0.0026558847425068115,10
subject_613,angle_frontal,Frontal (Lateral Bending),manual,0.00903846153846154,0.9038461538461541,0.036153846153846196,0.361538461538462,-2.025641025641026,0.4079409048938136,0.3612974832570224,4
subject_614,angle_frontal,Frontal (Lateral Bending),manual,0.00525129342202513,0.525129342202513,0.019954915003695492,0.19954915003695492,-1.8269770879526979,0.4249879506407736,0.029739653293703705,11
subject_615,angle_frontal,Frontal (Lateral Bending),manual,-0.09327117327117329,-9.327117327117328,-0.19120590520590522,-1.9120590520590521,8.470707070707075,0.2919063890088151,0.1069008187974787,10
subject_616,angle_frontal,Frontal (Lateral Bending),manual,0.014685523271997791,1.4685523271997791,0.04993077912479255,0.4993077912479255,68.52979909964388,0.012779825687256921,0.7558439306581202,10
subject_617,angle_frontal,Frontal (Lateral Bending),manual,-0.003838383838383837,-0.3838383838383837,-0.010939393939393936,-0.10939393939393936,-9.004040404040405,0.17142404896322447,0.23424225182538727,10
subject_618,angle_frontal,Frontal (Lateral Bending),manual,-0.04675568684189374,-4.675568684189374,-0.2010494534201431,-2.010494534201431,18.48337151354393,0.7844308232620498,0.00012654579294971234,12
subject_619,angle_frontal,Frontal (Lateral Bending),manual,0.032847082494969815,3.2847082494969815,0.12481891348088535,1.2481891348088534,-11.154258886653253,0.3210296589809447,0.18476521690611977,7
subject_620,angle_frontal,Frontal (Lateral Bending),manual,-0.028860028860028863,-2.8860028860028866,-0.09235209235209234,-0.9235209235209234,0.9776334776334794,0.21935548970016308,0.14623896646665,11
subject_621,angle_frontal,Frontal (Lateral Bending),manual,0.3544530182461217,35.445301824612166,1.0101911020014467,10.101911020014466,-60.442923934303245,0.9022631024998672,2.2902209508447994e-06,12
subject_623,angle_frontal,Frontal (Lateral Bending),manual,-0.0007836990595611286,-0.07836990595611286,-0.002978056426332289,-0.02978056426332289,0.18808777429467088,0.25,0.11730680301423817,11
subject_624,angle_frontal,Frontal (Lateral Bending),manual,-0.06852850845785395,-6.852850845785395,-0.21929122706513263,-2.1929122706513264,-6.982065848729329,0.5000245718740226,0.0031966469742314364,15
subject_626,angle_frontal,Frontal (Lateral Bending),file,-0.11104241583075727,-11.104241583075728,-0.34978360986688545,-3.4978360986688544,25.715538451832696,0.595285593597948,0.003290767152542862,12
subject_627,angle_frontal,Frontal (Lateral Bending),file,-0.004356480536851895,-0.4356480536851895,-0.011980321476342716,-0.11980321476342716,7.165086490285431,0.016013300129698517,0.7108182546897226,11
subject_628,angle_frontal,Frontal (Lateral Bending),file,-0.0058787936689914345,-0.5878793668991434,-0.014696984172478588,-0.1469698417247859,1.8518040826725266,0.05473564112117445,0.5153247832307454,10
subject_629,angle_frontal,Frontal (Lateral Bending),file,-0.14796081111870588,-14.796081111870588,-0.3699020277967647,-3.6990202779676467,17.031328320802007,0.9505911232735216,3.841320674175245e-05,8
subject_630,angle_frontal,Frontal (Lateral Bending),file,-0.12958477508650518,-12.958477508650518,-0.36283737024221446,-3.6283737024221447,30.384083044982695,0.6872649781539556,0.0057332694559081515,9
subject_631,angle_frontal,Frontal (Lateral Bending),file,0.16484819734345355,16.484819734345354,0.4945445920303605,4.945445920303605,-30.295224541429484,0.33734614320034223,0.10100949016875743,9
subject_632,angle_frontal,Frontal (Lateral Bending),file,-0.060575259515570926,-6.057525951557093,-0.20595588235294118,-2.0595588235294118,20.071150519031143,0.4889662879052281,0.036049832042113324,9
subject_541,angle_horizontal,Horizontal (Rotation),file,-0.01792524790236461,-1.792524790236461,-0.03585049580472922,-0.35850495804729215,5.43630816170862,0.07603670139089684,0.5494688693049278,7
subject_560,angle_horizontal,Horizontal (Rotation),file,0.013582677165354334,1.3582677165354333,0.02173228346456692,0.2173228346456692,-0.9790026246719163,0.04674337777603239,0.5763542087581921,9
subject_570,angle_horizontal,Horizontal (Rotation),file,0.004065607285568256,0.4065607285568256,0.01057057894247747,0.1057057894247747,-0.7087863581451539,0.42688876498466694,0.15940669262975402,6
subject_571,angle_horizontal,Horizontal (Rotation),file,-9.615384615384565e-05,-0.009615384615384566,-0.0002884615384615431,-0.0028846153846154307,-0.0871794871794873,0.00048076923076922554,0.9671155950573527,6
subject_572,angle_horizontal,Horizontal (Rotation),file,-0.017233429394812674,-1.7233429394812674,-0.04653025936599424,-0.4653025936599424,3.4209894332372706,0.44806916426512955,0.008835191313838604,14
subject_573,angle_horizontal,Horizontal (Rotation),file,0.06575308262589788,6.575308262589788,0.22356048092805283,2.2356048092805283,-13.71625363074677,0.3923366682198152,0.021990193972402806,13
subject_574,angle_horizontal,Horizontal (Rotation),file,-0.06538642789820923,-6.538642789820923,-0.18962064090480676,-1.8962064090480677,30.930529374803648,0.3847223233177412,0.10087045346925028,8
subject_575,angle_horizontal,Horizontal (Rotation),file,0.0020740740740740737,0.20740740740740737,0.006222222222222222,0.06222222222222222,-0.5165432098765431,0.3266666666666666,0.10789541439136703,9
subject_577,angle_horizontal,Horizontal (Rotation),file,0.3221993127147766,32.219931271477655,0.934378006872852,9.34378006872852,-92.55876288659793,0.7810623162611379,0.01947662233163834,6
subject_578,angle_horizontal,Horizontal (Rotation),file,-0.03135568930925766,-3.135568930925766,-0.09406706792777299,-0.9406706792777298,-12.719977070793924,0.33718667206089015,0.07837813372913881,10
subject_579,angle_horizontal,Horizontal (Rotation),file,-0.02312020460358056,-2.312020460358056,-0.08323273657289006,-0.8323273657289005,6.778857630008525,0.3157836164630865,0.029242830485887494,15
subject_580,angle_horizontal,Horizontal (Rotation),file,0.010977261054302658,1.0977261054302658,0.05049540084979224,0.5049540084979224,16.139328570761542,0.445213468752137,0.01776534427849805,12
subject_581,angle_horizontal,Horizontal (Rotation),file,0.01201923076923077,1.201923076923077,0.03605769230769231,0.36057692307692313,-3.2692307692307696,0.48076923076923056,0.12661387373191096,6
subject_582,angle_horizontal,Horizontal (Rotation),file,-0.08161993769470405,-8.161993769470405,-0.26118380062305296,-2.6118380062305295,54.018172377985465,0.7657520507654877,0.0009140506743132827,10
subject_583,angle_horizontal,Horizontal (Rotation),file,-0.0051531671858774655,-0.5153167185877465,-0.01855140186915888,-0.1855140186915888,1.5879196953963308,0.3653227451416702,0.06418517225651316,10
subject_584,angle_horizontal,Horizontal (Rotation),file,-0.19857194504699927,-19.857194504699926,-0.6155730296456977,-6.155730296456977,52.26111713665943,0.30438999477594714,0.05061719548495241,13
subject_585,angle_horizontal,Horizontal (Rotation),file,0.0,0.0,0.0,0.0,0.0,,,10
subject_586,angle_horizontal,Horizontal (Rotation),file,0.04611528822055137,4.611528822055138,0.17523809523809522,1.7523809523809522,-13.571428571428571,0.6434099955771782,0.016607676386259,8
subject_587,angle_horizontal,Horizontal (Rotation),file,-0.003621659634317856,-0.36216596343178564,-0.008148734177215162,-0.08148734177215163,40.41121659634317,0.059526214202351664,0.5980235892729252,7
subject_588,angle_horizontal,Horizontal (Rotation),file,-0.034479481581973816,-3.4479481581973817,-0.11723023737871101,-1.17230237378711,7.910077978481887,0.8488978579102403,2.073825050368733e-05,12
subject_590,angle_horizontal,Horizontal (Rotation),file,0.013984220907297831,1.398422090729783,0.06432741617357002,0.6432741617357002,12.766272189349113,0.14070216589319995,0.2556609624917625,11
subject_591,angle_horizontal,Horizontal (Rotation),file,-0.007063112326270222,-0.7063112326270221,-0.026839826839826834,-0.26839826839826836,1.9307359307359309,0.38190084089716897,0.10249527980535396,8
subject_594,angle_horizontal,Horizontal (Rotation),file,0.0101698447431489,1.0169844743148901,0.0249161196207148,0.249161196207148,-1.618005626758362,0.5815879962488278,0.027769821525826962,8
subject_595,angle_horizontal,Horizontal (Rotation),file,-0.0010524798154556013,-0.10524798154556013,-0.0032626874279123638,-0.03262687427912364,60.20386389850058,0.2881163494809688,0.1362185628706219,9
subject_596,angle_horizontal,Horizontal (Rotation),file,-0.0001019075825610644,-0.01019075825610644,-0.00033884271201554034,-0.0033884271201554033,-19.906404254641572,0.0011464603038119766,0.9260173763923102,10
subject_597,angle_horizontal,Horizontal (Rotation),file,-0.13757020618945306,-13.757020618945306,-0.3714395567115233,-3.7143955671152327,22.434166383957184,0.49273828649300055,0.023644123714694376,10
subject_598,angle_horizontal,Horizontal (Rotation),file,-0.005165507063040273,-0.5165507063040273,-0.013688593717056724,-0.13688593717056724,-19.177472064094452,0.2531098460889732,0.1382699523673951,10
subject_600,angle_horizontal,Horizontal (Rotation),file,-0.0664795321637427,-6.647953216374269,-0.16786081871345032,-1.678608187134503,28.010058479532166,0.3169574772003077,0.18820464823204502,7
subject_601,angle_horizontal,Horizontal (Rotation),file,-0.004900284900284907,-0.4900284900284907,-0.017028490028490065,-0.17028490028490065,-4.940740740740739,0.0051897384079937275,0.8332877370046172,11
subject_602,angle_horizontal,Horizontal (Rotation),file,-0.021088043060361397,-2.1088043060361397,-0.057992118415993915,-0.5799211841599392,12.886726259131105,0.052343686930548076,0.553772576391002,9
subject_603,angle_horizontal,Horizontal (Rotation),file,-0.031528822055137844,-3.152882205513784,-0.109562656641604,-1.09562656641604,7.366791979949875,0.17326365032436128,0.2028737953021068,11
subject_604,angle_horizontal,Horizontal (Rotation),file,0.08960244648318043,8.960244648318042,0.28224770642201835,2.8224770642201835,-18.80351681957187,0.521823435017992,0.012045256699064538,11
subject_605,angle_horizontal,Horizontal (Rotation),file,-0.005374318221805167,-0.5374318221805167,-0.019884977420679083,-0.19884977420679084,9.712656149199459,0.0022342748453092888,0.9038852924476757,9
subject_606,angle_horizontal,Horizontal (Rotation),file,-0.00034364261168384974,-0.03436426116838497,-0.0009621993127147643,-0.009621993127147644,1.1340206185567012,0.00015667596277379217,0.9812254401871425,6
subject_607,angle_horizontal,Horizontal (Rotation),file,0.006063501162383365,0.6063501162383366,0.017887328429030926,0.17887328429030927,18.49176777809624,0.13417375506017737,0.297856137691876,10
subject_608,angle_horizontal,Horizontal (Rotation),manual,-0.17428369652945924,-17.428369652945925,-0.5577078288942695,-5.577078288942695,37.113599677159,0.8842340298942625,0.001616921464192238,7
subject_609,angle_horizontal,Horizontal (Rotation),manual,-0.008181818181818182,-0.8181818181818182,-0.024545454545454547,-0.24545454545454548,0.9090909090909092,0.14757085020242913,0.24344410199014027,11
subject_610,angle_horizontal,Horizontal (Rotation),manual,0.008867521367521366,0.8867521367521366,0.028376068376068375,0.28376068376068375,-3.2008547008547006,0.11819449652816072,0.40437794665763377,8
subject_611,angle_horizontal,Horizontal (Rotation),manual,-0.012470862470862475,-1.2470862470862476,-0.0498834498834499,-0.498834498834499,22.672105672105673,0.08256748408003138,0.3651482421275652,12
subject_612,angle_horizontal,Horizontal (Rotation),manual,-0.02141414141414142,-2.141414141414142,-0.05674747474747476,-0.5674747474747476,-13.404040404040401,0.16063973769991813,0.2510374096795179,10
subject_613,angle_horizontal,Horizontal (Rotation),manual,0.02717948717948718,2.717948717948718,0.10871794871794878,1.0871794871794878,-5.397435897435898,0.8319881525360979,0.08786615426457402,4
subject_614,angle_horizontal,Horizontal (Rotation),manual,-0.0012601626016260164,-0.12601626016260165,-0.004788617886178861,-0.047886178861788614,0.3388026607538803,0.20142213753680935,0.16616366310856975,11
subject_615,angle_horizontal,Horizontal (Rotation),manual,0.007676767676767677,0.7676767676767676,0.01573737373737372,0.1573737373737372,-1.5676767676767678,0.0875151515151515,0.40659438564150996,10
subject_616,angle_horizontal,Horizontal (Rotation),manual,0.15606060606060607,15.606060606060607,0.5306060606060607,5.3060606060606075,-48.61144781144781,0.8182167814150076,0.0003231391908603526,10
subject_617,angle_horizontal,Horizontal (Rotation),manual,0.13063973063973064,13.063973063973064,0.37232323232323244,3.7232323232323243,-18.25858585858586,0.8775840648865642,6.466495172264734e-05,10
subject_618,angle_horizontal,Horizontal (Rotation),manual,0.07886423920906682,7.886423920906682,0.33911622859898727,3.3911622859898727,-19.600541221230884,0.7826440499906884,0.0001319990701790183,12
subject_619,angle_horizontal,Horizontal (Rotation),manual,0.016836734693877548,1.6836734693877549,0.06397959183673471,0.6397959183673472,-4.826530612244897,0.37499999999999994,0.1438108087116039,7
subject_620,angle_horizontal,Horizontal (Rotation),manual,0.0026262626262626263,0.26262626262626265,0.008404040404040405,0.08404040404040405,-0.46161616161616165,0.14322033898305087,0.2511081915308995,11
subject_621,angle_horizontal,Horizontal (Rotation),manual,0.06959688146128823,6.959688146128823,0.19835111216467147,1.9835111216467147,-16.97142875956435,0.648546644937883,0.0015719712846463563,12
subject_623,angle_horizontal,Horizontal (Rotation),manual,0.0023510971786833857,0.23510971786833856,0.008934169278996866,0.08934169278996866,-0.5642633228840125,0.25,0.11730680301423817,11
subject_624,angle_horizontal,Horizontal (Rotation),manual,-0.0059706242739612685,-0.5970624273961268,-0.01910599767667606,-0.1910599767667606,4.2820133352429135,0.03850867913574836,0.4833359006268953,15
subject_625,angle_horizontal,Horizontal (Rotation),manual,-0.0030158730158730157,-0.30158730158730157,-0.00995238095238096,-0.09952380952380961,-0.5880952380952381,0.014309497383859204,0.6711043339298811,15
subject_626,angle_horizontal,Horizontal (Rotation),file,-0.07138561184362711,-7.138561184362711,-0.2248646773074254,-2.248646773074254,14.928521859819572,0.4065956698657296,0.025702639527293108,12
subject_627,angle_horizontal,Horizontal (Rotation),file,-0.02821827744904667,-2.821827744904667,-0.07760026298487835,-0.7760026298487834,-15.58770545693623,0.20360423290902835,0.16360698503462567,11
subject_628,angle_horizontal,Horizontal (Rotation),file,0.10142352154389989,10.14235215438999,0.25355880385974966,2.5355880385974965,-34.36705837393714,0.749691234815231,0.001201415665073369,10
subject_629,angle_horizontal,Horizontal (Rotation),file,0.05065911532076946,5.065911532076946,0.12664778830192364,1.2664778830192365,-1.4124597207303982,0.3842889609691591,0.1011186634897314,8
subject_630,angle_horizontal,Horizontal (Rotation),file,-0.0959342560553633,-9.59342560553633,-0.2686159169550173,-2.686159169550173,33.63581314878893,0.5581903985592753,0.020693748451770553,9
subject_631,angle_horizontal,Horizontal (Rotation),file,-0.03973750790638836,-3.973750790638836,-0.11921252371916508,-1.1921252371916506,7.373339658444023,0.3887633948952269,0.07278603976941322,9
subject_632,angle_horizontal,Horizontal (Rotation),file,-0.00031718569780853523,-0.03171856978085352,-0.001078431372549018,-0.01078431372549018,-0.06603229527104956,0.005509014751411405,0.8494871214838584,9
