subject,muscle,phase,time,value
subject_616,SCML,Cooldown,1.999588,560.8185895484985
subject_594,SCML,WanT,2.999382,1741.1023423086192
subject_594,SCML,WanT,3.99997,1100.013467521411
subject_594,SCML,Cooldown,4.999764,2559.848477368186
subject_594,SCML,WanT,4.999764,988.537312794899
subject_573,SCML,WanT,6.999353,446.5970364428501
subject_594,SCML,WanT,6.999353,1434.1199902692874
subject_594,SCML,WanT,7.999941,1600.8485387940725
subject_594,SCML,Cooldown,8.999735,430.5892634167754
subject_594,SCML,WanT,8.999735,918.9535024245222
subject_594,SCML,WanT,9.999529,477.1146417509134
subject_594,SCML,WanT,11.99991,705.5906405221721
subject_594,SCML,WanT,12.99971,2050.2079902712435
subject_594,SCML,WanT,13.9995,1041.1523140235263
subject_616,SCML,WanT,13.9995,473.0849484168364
subject_623,SCML,WanT,13.9995,457.3011602045546
subject_594,SCML,WanT,14.99929,1182.434232292198
subject_594,SCML,WanT,15.99988,547.1081280710061
subject_623,SCML,WanT,15.99988,415.9745175854522
subject_594,SCML,Cooldown,16.99968,2661.373935177525
subject_623,SCML,WanT,16.99968,528.8398946157232
subject_594,SCML,Cooldown,17.99947,2253.4565136266547
subject_594,SCML,WanT,17.99947,747.5118364023667
subject_623,SCML,WanT,17.99947,438.1294156474023
subject_594,SCML,Cooldown,18.99926,1721.6499071296578
subject_623,SCML,WanT,18.99926,416.01570200602936
subject_594,SCML,WanT,19.99985,1383.9187444831866
subject_594,SCML,Cooldown,20.99965,1407.5428943612833
subject_594,SCML,WanT,20.99965,1405.5345028479085
subject_616,SCML,WanT,20.99965,468.4939638562727
subject_623,SCML,WanT,20.99965,437.7106179399978
subject_594,SCML,Cooldown,21.99944,1572.0318300009374
subject_594,SCML,WanT,21.99944,652.9228229341104
subject_627,SCML,WanT,21.99944,1628.5601894776707
subject_594,SCML,Cooldown,22.99924,699.7468291072886
subject_594,SCML,WanT,22.99924,1193.1573298888377
subject_623,SCML,WanT,22.99924,476.4518534147133
subject_627,SCML,WanT,22.99924,896.3868384737698
subject_594,SCML,Cooldown,23.99982,1854.072468191592
subject_594,SCML,WanT,23.99982,1089.1516469051987
subject_623,SCML,VO2max,23.99982,423.53291478942185
subject_623,SCML,WanT,23.99982,461.77473452452807
subject_594,SCML,Cooldown,24.99962,631.5190751955008
subject_594,SCML,Cooldown,25.99941,1397.0634714192709
subject_623,SCML,WanT,25.99941,407.7711504015672
subject_627,SCML,WanT,25.99941,457.5797108753805
subject_594,SCML,Cooldown,26.9992,802.3323122030555
subject_616,SCML,WanT,26.9992,410.15946953770487
subject_623,SCML,WanT,26.9992,462.14548060177447
subject_623,SCML,WanT,27.99979,426.0140625134088
subject_594,SCML,Cooldown,28.99959,1220.6198313784842
subject_623,SCML,WanT,29.99938,458.6158366104961
subject_594,SCML,Cooldown,30.99997,1678.4823316024967
subject_616,SCML,WanT,30.99997,412.6600955367468
subject_623,SCML,WanT,30.99997,419.2505026512525
subject_594,SCML,Cooldown,31.99976,484.4403837456513
subject_616,SCML,WanT,32.99956,443.4010222892885
subject_623,SCML,WanT,32.99956,454.8588361484916
subject_627,SCML,VO2max,32.99956,1331.2508409421268
subject_616,SCML,WanT,33.99935,461.057647216473
subject_623,SCML,WanT,33.99935,465.56292157549217
subject_616,SCML,WanT,34.99994,413.5942476536173
subject_623,SCML,WanT,34.99994,409.6461100892543
subject_594,SCML,Cooldown,35.99973,839.0403614370285
subject_616,SCML,WanT,35.99973,412.7467436722848
subject_623,SCML,WanT,37.99932,421.35640851636384
subject_623,SCML,WanT,38.99991,418.1041119717929
subject_594,SCML,Cooldown,39.99971,1075.8401651914132
subject_616,SCML,WanT,39.99971,415.95310089017767
subject_623,SCML,WanT,39.99971,446.0423182844337
subject_594,SCML,Cooldown,40.9995,1730.9925158686603
subject_623,SCML,WanT,40.9995,409.2047828509689
subject_594,SCML,Cooldown,41.99929,1674.369200585185
subject_594,SCML,Cooldown,42.99988,1995.1393998083447
subject_594,SCML,Cooldown,43.99968,509.79285221981627
subject_594,SCML,Cooldown,44.99947,421.29655981897696
subject_594,SCML,Cooldown,45.99926,495.23420379946543
subject_627,SCML,VO2max,47.99965,527.1409981284189
subject_594,SCML,Cooldown,48.99944,442.4995507554174
subject_627,SCML,VO2max,48.99944,575.0368004747222
subject_594,SCML,Cooldown,49.99923,597.3445714975742
subject_627,SCML,VO2max,49.99923,567.1415374881309
subject_594,SCML,Cooldown,50.99982,1821.9184613788584
subject_627,SCML,VO2max,50.99982,913.909824501701
subject_627,SCML,VO2max,51.99962,1882.957849556357
subject_627,SCML,VO2max,52.99941,1149.845916066919
subject_627,SCML,VO2max,53.99921,2930.1837784388304
subject_594,SCML,Cooldown,54.99979,716.8221593526816
subject_623,SCML,VO2max,56.99938,409.6796497573255
subject_585,SCMR,WanT,1.999588,539.3594394545283
subject_573,SCMR,WanT,4.999764,480.4851740716969
subject_616,SCMR,VO2max,4.999764,548.8394612494089
subject_573,SCMR,WanT,5.999559,539.491609925301
subject_573,SCMR,WanT,6.999353,890.1356855284638
subject_574,SCMR,Cooldown,7.999941,445.1096931124577
subject_573,SCMR,WanT,8.999735,453.3964997383805
subject_585,SCMR,WanT,8.999735,436.8677139916606
subject_598,SCMR,WanT,8.999735,469.3873436751197
subject_573,SCMR,WanT,9.999529,576.258244266971
subject_573,SCMR,WanT,10.99932,575.6561060297487
subject_585,SCMR,WanT,10.99932,438.7481746853348
subject_573,SCMR,WanT,11.99991,441.33617191444216
subject_585,SCMR,WanT,11.99991,476.76981468195214
subject_573,SCMR,WanT,12.99971,472.0654109538916
subject_573,SCMR,WanT,13.9995,477.2170931549417
subject_579,SCMR,Warmup,13.9995,692.2243512494899
subject_616,SCMR,WanT,13.9995,440.66811069580217
subject_573,SCMR,WanT,14.99929,513.9207504804032
subject_585,SCMR,WanT,14.99929,432.717096801619
subject_598,SCMR,WanT,14.99929,465.380637473662
subject_585,SCMR,WanT,15.99988,463.9801288009308
subject_574,SCMR,Warmup,16.99968,401.5370570165862
subject_585,SCMR,WanT,16.99968,599.7107455499877
subject_573,SCMR,WanT,17.99947,494.1293460031765
subject_573,SCMR,WanT,18.99926,638.4621793975344
subject_573,SCMR,WanT,19.99985,664.0879559540391
subject_573,SCMR,WanT,20.99965,574.2866141762656
subject_574,SCMR,Cooldown,21.99944,408.4968004183224
subject_598,SCMR,WanT,21.99944,676.1919337699866
subject_573,SCMR,WanT,22.99924,667.9322610127203
subject_574,SCMR,Cooldown,22.99924,462.54292302623526
subject_574,SCMR,Warmup,22.99924,461.8173145100623
subject_579,SCMR,WanT,22.99924,646.2549356893663
subject_585,SCMR,WanT,22.99924,601.8621703757315
subject_573,SCMR,WanT,23.99982,443.261877935718
subject_574,SCMR,Warmup,23.99982,400.1484211100694
subject_579,SCMR,WanT,23.99982,444.57701178599496
subject_585,SCMR,WanT,23.99982,728.2468809867364
subject_585,SCMR,WanT,24.99962,841.2208778913896
subject_573,SCMR,WanT,25.99941,469.79137211986057
subject_579,SCMR,Warmup,25.99941,569.420915062551
subject_585,SCMR,WanT,25.99941,667.5752635504414
subject_585,SCMR,WanT,26.9992,613.812890028938
subject_573,SCMR,WanT,27.99979,558.1507343932345
subject_585,SCMR,WanT,27.99979,502.9068956919255
subject_573,SCMR,WanT,28.99959,456.1198907929154
subject_574,SCMR,Warmup,28.99959,410.81344545216456
subject_585,SCMR,WanT,28.99959,556.9184800820303
subject_573,SCMR,WanT,29.99938,449.56903285175207
subject_573,SCMR,WanT,30.99997,557.6908530933292
subject_574,SCMR,Warmup,32.99956,440.9467810995058
subject_574,SCMR,Cooldown,33.99935,451.8959434225367
subject_574,SCMR,Cooldown,37.99932,422.3651817820489
subject_574,SCMR,Warmup,38.99991,450.447134813381
subject_574,SCMR,Cooldown,39.99971,528.5837539522435
subject_574,SCMR,Warmup,42.99988,448.69378854039695
subject_598,SCMR,Cooldown,54.99979,697.7655057343583
subject_574,SCMR,Warmup,59.99956,422.4178681786505
subject_574,STL,Warmup,13.9995,521.9361343411492
subject_604,STL,WanT,14.99929,404.3649468210351
subject_623,STR,Cooldown,11.99991,510.6829219493954
subject_623,STR,Cooldown,13.9995,493.9044963788083
subject_623,STR,Cooldown,15.99988,953.9895680569052
subject_623,STR,Cooldown,16.99968,817.8922813346848
subject_623,STR,Cooldown,17.99947,498.9122873464348
subject_623,STR,Cooldown,20.99965,540.5733471453575
subject_623,STR,Cooldown,25.99941,795.5760653155928
subject_623,STR,Cooldown,26.9992,679.4002419373179
subject_623,STR,Cooldown,27.99979,1078.0632971426123
subject_623,STR,Cooldown,30.99997,912.2203549399444
subject_623,STR,Cooldown,32.99956,560.3966040731176
subject_623,STR,Cooldown,33.99935,887.8061952466044
subject_623,STR,Cooldown,35.99973,1116.971721422871
subject_623,STR,WanT,38.99991,668.3110302038923
subject_623,STR,WanT,39.99971,604.2741892970188
subject_623,STR,WanT,40.9995,721.9120118662105
subject_623,STR,WanT,41.99929,413.3277334489669
subject_623,STR,WanT,42.99988,519.1027484827736
