Fitness_Measure,Phase,Muscle_Pair,high_median,low_median,high_n,low_n,U_statistic,p_value,significant
VO2max,WanT,MTL_MTR,0.8079197395544644,0.6802716577190332,30,29,617.5,0.0057886839971909645,TRUE
VO2max,WanT,SCML_MTL,0.6000744224381034,0.5701307725553377,30,29,507,0.2783292399716474,FALSE
VO2max,WanT,SCML_SCMR,0.7085709961933461,0.7276374310808456,29,29,411.5,0.8948355459896957,FALSE
VO2max,WanT,SCML_STL,0.6078419131470802,0.6835670035899071,30,29,354,0.22226105014880276,FALSE
VO2max,WanT,SCML_UTL,0.5809339267635338,0.6210864214780821,30,29,450.5,0.8200872673566242,FALSE
VO2max,WanT,SCMR_MTR,0.6356200724475106,0.5770723970629664,29,29,495,0.24981617584154356,FALSE
VO2max,WanT,SCMR_STR,0.6363324707494762,0.6087237867536226,29,28,439,0.6039152096164895,FALSE
VO2max,WanT,SCMR_UTR,0.5987968036984249,0.5250779456325689,29,29,492.5,0.26616616454802117,FALSE
VO2max,WanT,STL_STR,0.7961860144240075,0.7192264273615614,30,28,491.5,0.2692392737379863,FALSE
VO2max,WanT,UTL_MTL,0.5927832611720065,0.6937922027320143,30,29,332.5,0.12197357862099936,FALSE
VO2max,WanT,UTL_UTR,0.7100483132418243,0.6850295435370751,30,29,459.5,0.7159383765817243,FALSE
VO2max,WanT,UTR_MTR,0.6317881061840899,0.5505500744599044,30,29,486,0.4438673110565552,FALSE
VO2max,VO2max,MTL_MTR,0.7910046236012639,0.7859264088560147,31,29,467,0.8014469044092744,FALSE
VO2max,VO2max,SCML_MTL,0.5991858312235184,0.6429744964365641,31,29,385,0.3437767189376215,FALSE
VO2max,VO2max,SCML_SCMR,0.7226189488773085,0.7855519897121421,30,29,382,0.4260303232273746,FALSE
VO2max,VO2max,SCML_STL,0.7536491051881745,0.7612717709408248,31,29,422,0.6895974347983285,FALSE
VO2max,VO2max,SCML_UTL,0.6157542339783711,0.6755479221130825,31,29,363,0.2033135973010123,FALSE
VO2max,VO2max,SCMR_MTR,0.5893440077668599,0.6983043339937149,30,29,332,0.12016032927135752,FALSE
VO2max,VO2max,SCMR_STR,0.7485774242797594,0.7262460989516082,30,28,445,0.7030299918355747,FALSE
VO2max,VO2max,SCMR_UTR,0.637028232378027,0.6995572600930728,30,29,387,0.47140608618045765,FALSE
VO2max,VO2max,STL_STR,0.8163305616524826,0.8500877637103759,31,28,419,0.8257920532678547,FALSE
VO2max,VO2max,UTL_MTL,0.5295124871395414,0.6555318808248268,31,29,384,0.3362897794553458,FALSE
VO2max,VO2max,UTL_UTR,0.7233502518285191,0.6943579607743574,31,29,500,0.45952314202382677,FALSE
VO2max,VO2max,UTR_MTR,0.6003869492280579,0.6384691250682237,31,29,385,0.3437767189376215,FALSE
WanT,Warmup,MTL_MTR,0.8600220761276123,0.8384176761248058,30,29,513,0.2399739255288419,FALSE
WanT,Warmup,SCML_MTL,0.774881577208779,0.7311463811220047,30,30,499,0.4733465572584496,FALSE
WanT,Warmup,SCML_SCMR,0.7772230378513418,0.7486156653790309,29,30,481,0.49027643401927085,FALSE
WanT,Warmup,SCML_STL,0.7088901487275668,0.643312834290257,30,30,479,0.6734950528016032,FALSE
WanT,Warmup,SCML_UTL,0.7858092232398277,0.7376743745367239,30,30,500,0.46427291062161513,FALSE
WanT,Warmup,SCMR_MTR,0.7304414313555976,0.7550600272170358,29,29,367,0.40981527627391556,FALSE
WanT,Warmup,SCMR_STR,0.5989101816137747,0.6261884584159612,28,30,336,0.19383893024421206,FALSE
WanT,Warmup,SCMR_UTR,0.7552481530197882,0.7400859637155376,29,30,455,0.767491094010285,FALSE
WanT,Warmup,STL_STR,0.8639268674645659,0.8172599701301588,29,30,490,0.4086186964654205,FALSE
WanT,Warmup,UTL_MTL,0.8164173366424654,0.790466569144219,30,30,504,0.42896338886043267,FALSE
WanT,Warmup,UTL_UTR,0.8062596375315114,0.8029353563247281,30,30,471,0.7618283459354748,FALSE
WanT,Warmup,UTR_MTR,0.7927421639182586,0.814872742755013,30,29,440,0.945603482256091,FALSE
WanT,SecondThreshold,MTL_MTR,0.8367609969897832,0.8441034667823288,30,29,407,0.6767121100336992,FALSE
WanT,SecondThreshold,SCML_MTL,0.6623518211878938,0.7172663891718368,30,29,316,0.07238447199635388,FALSE
WanT,SecondThreshold,SCML_SCMR,0.7222811854786942,0.7907426631502205,29,29,412,0.9009903574854177,FALSE
WanT,SecondThreshold,SCML_STL,0.7288969476715643,0.7622173532815718,30,29,380,0.4086186964654205,FALSE
WanT,SecondThreshold,SCML_UTL,0.7225889836915791,0.690748314005616,30,29,414,0.7559373140227614,FALSE
WanT,SecondThreshold,SCMR_MTR,0.6631756927519401,0.7755344298072894,29,29,269,0.018862065859530517,TRUE
WanT,SecondThreshold,SCMR_STR,0.7253989044707856,0.6575578016854025,28,29,442,0.5709412942186974,FALSE
WanT,SecondThreshold,SCMR_UTR,0.6892904825793195,0.7441205184416304,29,29,412,0.9009903574854177,FALSE
WanT,SecondThreshold,STL_STR,0.8536119377893356,0.8313360988055154,29,29,473,0.4187064553676442,FALSE
WanT,SecondThreshold,UTL_MTL,0.6632713198088818,0.7917049422976228,30,29,356,0.23396232010941428,FALSE
WanT,SecondThreshold,UTL_UTR,0.8459152193621462,0.7544534843703489,30,29,478,0.5193268870341157,FALSE
WanT,SecondThreshold,UTR_MTR,0.644290893797518,0.7703208867226887,30,29,330,0.11309705674249369,FALSE
WanT,VO2max,MTL_MTR,0.7524484757587949,0.8023231640713666,30,30,333,0.0849996974869641,FALSE
WanT,VO2max,SCML_MTL,0.572304580538892,0.7250683058399783,30,30,300,0.027086318388295953,TRUE
WanT,VO2max,SCML_SCMR,0.7217167753743677,0.8092639818416123,29,30,358,0.24609359194715105,FALSE
WanT,VO2max,SCML_STL,0.7134719583126656,0.7883286813127285,30,30,352,0.14944870623046316,FALSE
WanT,VO2max,SCML_UTL,0.6598466185241758,0.6239947827218884,30,30,477,0.6952153990669099,FALSE
WanT,VO2max,SCMR_MTR,0.5350318979768228,0.7702978238231272,29,30,164,4.108170144744291e-5,TRUE
WanT,VO2max,SCMR_STR,0.7090296741783411,0.7357475584780104,28,30,375,0.48865821312853386,FALSE
WanT,VO2max,SCMR_UTR,0.6468527541291779,0.6668186803968239,29,30,377,0.38331053776304663,FALSE
WanT,VO2max,STL_STR,0.849956476808063,0.8165910286942062,29,30,487,0.43489602538640443,FALSE
WanT,VO2max,UTL_MTL,0.5820627309096622,0.6117805068428541,30,30,409,0.5493267842679928,FALSE
WanT,VO2max,UTL_UTR,0.6630885118028792,0.7414243842145758,30,30,371,0.2458138024589414,FALSE
WanT,VO2max,UTR_MTR,0.5629853993545675,0.7006408952534706,30,30,353,0.15366723548508998,FALSE
WanT,WanT,MTL_MTR,0.7011795708096098,0.7576020398810014,30,29,378,0.3916309879270577,FALSE
WanT,WanT,SCML_MTL,0.5194517649445656,0.606144315817971,30,29,362,0.27166245232517694,FALSE
WanT,WanT,SCML_SCMR,0.6552531299944695,0.7532788101171551,29,29,274,0.02317579045803648,TRUE
WanT,WanT,SCML_STL,0.6153165010555717,0.6920697890656982,30,29,319,0.07991034956264316,FALSE
WanT,WanT,SCML_UTL,0.6179708540322955,0.5362595710784699,30,29,406,0.6656526013929573,FALSE
WanT,WanT,SCMR_MTR,0.6252009689537498,0.5921671925246946,29,29,404,0.8034994364478879,FALSE
WanT,WanT,SCMR_STR,0.6074823950777051,0.6898789897693154,28,29,347,0.3504063949305623,FALSE
WanT,WanT,SCMR_UTR,0.5499329515286475,0.5383937179244253,29,29,355,0.3120882945813195,FALSE
WanT,WanT,STL_STR,0.7037943583776366,0.8010774855338137,29,29,284,0.03442918539561038,TRUE
WanT,WanT,UTL_MTL,0.5902731243231476,0.6787474267776766,30,29,348,0.18967917738221718,FALSE
WanT,WanT,UTL_UTR,0.7092859727572414,0.6850295435370751,30,29,438,0.9697630628923153,FALSE
WanT,WanT,UTR_MTR,0.5708556908901653,0.55262968461688,30,29,419,0.8142006662628348,FALSE
WanT,Cooldown,MTL_MTR,0.7499838504969278,0.8301566164302495,30,30,324,0.06353265073480742,FALSE
WanT,Cooldown,SCML_MTL,0.5549421480458587,0.625310995220983,30,30,337,0.09626283103615176,FALSE
WanT,Cooldown,SCML_SCMR,0.6735697348597331,0.7835058405034045,29,30,260,0.008150709911424824,TRUE
WanT,Cooldown,SCML_STL,0.7041296694364017,0.6292452726364408,30,30,511,0.3710770321265143,FALSE
WanT,Cooldown,SCML_UTL,0.5610039765643292,0.632843085466313,30,30,331,0.07978164712498098,FALSE
WanT,Cooldown,SCMR_MTR,0.6377930024723562,0.7210870483714685,29,30,253,0.005925135284249546,TRUE
WanT,Cooldown,SCMR_STR,0.5770854449017809,0.6358401805898897,28,30,364,0.3878018467810204,FALSE
WanT,Cooldown,SCMR_UTR,0.567589175227326,0.6103832990020511,29,30,350,0.20012844992380613,FALSE
WanT,Cooldown,STL_STR,0.7686603456446699,0.8087198294917576,29,30,310,0.059071054961130305,FALSE
WanT,Cooldown,UTL_MTL,0.5925011005910081,0.808189813855404,30,30,231,0.0012361845632090122,TRUE
WanT,Cooldown,UTL_UTR,0.6874586051255298,0.6987012398914552,30,30,412,0.5792942105819814,FALSE
WanT,Cooldown,UTR_MTR,0.6312661113920558,0.7252531432091005,30,30,358,0.17612754548398768,FALSE
